{"cameraMode":{"drawMode":0,"name":"Shaded","section":"Shading Mode"},"sceneLighting":true,"audioPlay":false,"sceneViewState":{"m_AlwaysRefresh":false,"showFog":true,"showSkybox":true,"showFlares":true,"showImageEffects":true,"showParticleSystems":true,"showVisualEffectGraphs":true,"m_FxEnabled":true},"in2DMode":false,"pivot":{"x":-0.16898271441459657,"y":0.3571047782897949,"z":-0.0904131680727005},"rotation":{"x":0.0013288400368764997,"y":0.9973741769790649,"z":-0.06993062049150467,"w":0.018952423706650735},"size":3.1096065044403078,"orthographic":true}